{
  "tier4:causal": {
    "last_batch": 3,
    "total_translated": 200,
    "started": 1773622194.914598,
    "timestamp": 1773622400.556426
  },
  "tier4:scholars": {
    "last_batch": 9,
    "total_translated": 29,
    "started": 1773622907.044008,
    "timestamp": 1773622907.044009
  },
  "tier4:madrasas": {
    "last_batch": 0,
    "total_translated": 29,
    "started": 1773623142.828172,
    "timestamp": 1773623142.828193
  }
}